Player,Website / Source,Cost per user / non-subscription cost,India relevance,Category,Organisation type,Outreach / adoption signals,Mode,Ambient vs dictation classification,Multi-voice / single-speaker assessment,Output / discrete-data capability,Indian language support - overall,English,Hindi / Hinglish,Bangla / Bengali,Tamil,Kannada,Telugu,Malayalam,Validation evidence found publicly,Evidence confidence,Key limitations / due diligence questions,Primary source URLs
Augnito / Scribetech Healthcare,https://augnito.ai/ ; https://indiaai.gov.in/article/augnito-leveraging-voice-ai-to-transform-healthcare,Public list price not found. Vendor offers personalised/custom quotes; Spectra has a 7-day free trial and no implementation/training fees stated publicly.,India-built product with global deployment; IndiaAI reports ambient clinical intelligence pilots in large Indian hospitals.,Medical speech recognition + ambient clinical intelligence,Company / established healthcare documentation technology company,Company says 450+ hospitals on about-us page; IndiaAI says ambient solution is being piloted at some of India's largest hospitals and enterprises.,"Desktop/web EMR dictation, Chrome/plugin workflow, mobile microphone app, cloud speech-to-text; ambient product for encounter capture.",Both: mature single-speaker dictation plus newer ambient/free-flowing conversation capture.,"Dictation product is single-speaker clinician-led; ambient product is explicitly free-flowing doctor-patient conversation, likely multi-speaker but public details on speaker diarisation are limited.","Dictates notes directly into EMR; IndiaAI says creates structured, EMR-ready data from unstructured conversations.","Multilingual speech recognition is claimed, but exact language list not consistently visible on public product page.",Yes,Not clearly itemised publicly,Not clearly itemised publicly,Not clearly itemised publicly,Not clearly itemised publicly,Not clearly itemised publicly,Not clearly itemised publicly,"Public claims of 99% accuracy and 50+ specialties; whitepaper/case materials exist, but independent peer-reviewed validation for Indian-language ambient scribing was not found in the quick scan.",High for existence and India reach; medium for exact language coverage; low for independent validation.,"Request product-specific language matrix, WER by language/accent/noise, speaker diarisation performance, clinical note error taxonomy, data-residency details, and hospital pilot outcomes.",https://augnito.ai/ | https://augnito.ai/about-us | https://indiaai.gov.in/article/augnito-leveraging-voice-ai-to-transform-healthcare | https://play.google.com/store/apps/details?id=com.scribetech.augnitoappprod | https://chromewebstore.google.com/detail/augnito/loedohmkociaomkgggggnoogiahfinme
Medoriax AI,https://medoriax.com/,Public per-user price not found. Website offers trials/pricing enquiry; treat as contact-sales pending verification.,India-first medical scribe platform for Indian clinics.,AI medical scribe,Startup / company,Website offers trials/pricing for hospitals and clinics; public outreach numbers not found.,Web/app workflow; captures doctor-patient conversations and generates SOAP/structured clinical notes.,Ambient-style doctor-patient conversation capture.,"Likely multi-voice, because product states it captures real doctor-patient conversations; diarisation specifics not public.",Accurate SOAP notes; structured clinical notes; documentation generated in English from code-mixed conversations.,Explicitly supports code-mixed Indian conversations.,Yes,Yes; Hindi/Hinglish,Yes; Bengali,Yes,Yes,Yes,No public claim found,Vendor website claims multilingual Indian support; no independent validation located.,Medium,"Clarify Malayalam support, whether Bangla means Bengali speech not only script, specialty coverage, WER and note error rates, and integration options.",https://medoriax.com/
RxNote,https://rxnote.ai/features/ai-scribe ; https://rxnote.ai/features/how-it-works,Public per-user price not found. Free trial/sign-up visible; claims lower-cost AI staff but no tariff disclosed.,"Marketed as India AI scribe for psychiatrists, psychologists, general physicians; trusted in Tamil Nadu per website.",AI medical scribe + SOAP note generator,Startup / company,Website claims Tamil Nadu clinic trust; public hard adoption count not found.,Web app / subscription product; capture conversation and generate SOAP notes in real time.,"Ambient-style conversation capture with specialty focus, especially mental health and GP settings.",Likely multi-voice conversation capture; explicit diarisation/overlap handling not public.,"SOAP notes, follow-up letters, coding features, pre-visit prep; notes in English from regional-language consultations.","Website says 8+ Indian languages and LinkedIn claims Malayalam, Hindi, Telugu, Tamil, Kannada, Bengali, Marathi, Gujarati.",Yes,Yes; Hindi/Hinglish,Yes; Bengali,Yes,Yes,Yes,Yes,Website claims 98% transcription accuracy; no independent clinical validation located.,Medium,Vendor-claimed 98% accuracy needs independent verification; clarify language-specific performance and psychiatric confidentiality handling.,https://rxnote.ai/features/ai-scribe | https://rxnote.ai/features/how-it-works | https://www.linkedin.com/posts/rxnote_rxnote-ai-medical-scribe-for-indian-doctors-activity-7412783258926485504-WHcV
EkaScribe / Eka Care,https://ekascribe.ai/,"Free plan: 5 consultations/day. Pro plan: unlimited consultations, but public page did not disclose the Pro price.",India-facing product with testimonials from Indian doctors and India cloud hosting claim.,AI medical scribe / voice-to-prescription,Company / health-tech company,Testimonials from Mumbai/Ahmedabad clinicians; product offers free and pro plans; public deployment numbers not found.,Web/mobile/Chrome-extension workflow; insert notes into web-based EMRs or copy-paste into offline EMRs.,Both ambient AI scribe and voice-to-prescription positioning.,Records doctor-patient conversations; likely multi-voice but public documentation on diarisation not found.,"Clinical summaries, SOAP notes, custom structured notes, prescriptions, EMR-ready outputs.",Website claims 20+ languages but exact list not fully visible in retrieved content.,Yes,"Likely, but exact public list needed","Likely, but exact public list needed","Likely, but exact public list needed","Likely, but exact public list needed","Likely, but exact public list needed","Likely, but exact public list needed",No independent validation located; website reports user time-savings and clinical-grade accuracy.,Medium,"Obtain exact language list, per-language accuracy, whether it handles code-switching, and whether output can be exported as FHIR/ABDM-compatible structured data.",https://ekascribe.ai/
Merago AI Scribe,https://www.merago.ai/scribe,Public per-user price not found. Pricing likely contact-sales/demo.,India-relevant multilingual scribe; DPDPA compliance claim.,AI medical scribe,Company / digital health platform,Public adoption numbers not found.,Likely web/app clinical scribe workflow; integration-ready per website.,Ambient-style multi-language clinical scribe.,"Claims multi-language support in one conversation, implying mixed/multi-speaker encounter support; diarisation not public.",SOAP/clinical notes; integration-ready; discrete FHIR/EMR depth requires confirmation.,"Explicitly supports Arabic, Bengali, English, Hindi, Kannada, Tamil, Telugu, and mixed-language speech.",Yes,Yes,Yes; Bengali,Yes,Yes,Yes,No public claim found,Vendor claims DPDPA compliance; no independent clinical/language validation located.,Medium,"Malayalam is not listed in retrieved source; validate data processing location, retention, and EMR integration claims.",https://www.merago.ai/scribe
KiraDoc,https://kiradoc.in/,Public per-user price not found. Early access open; pricing link present but no price captured publicly.,India-specific multilingual OPD dictation and AI scribe product.,Multilingual AI medical scribe + OPD dictation,Startup / company,"Website claims model trained on 10,000+ hours of Indian speech across 22 official languages; public customer count not found.","Runs a five-stage audio-to-SOAP pipeline, described as running on a GPU server.",Both ambient/audio-to-SOAP and OPD dictation.,Likely conversation/audio capture; explicit multi-speaker diarisation evidence not found.,Audio to SOAP notes in seconds; discrete data depth and EMR/FHIR writeback require confirmation.,"Explicit list includes Hindi, Tamil, Telugu, Bengali, Kannada, Malayalam and many others.",Yes,Yes,Yes; Bengali,Yes,Yes,Yes,Yes,Training-data claim is public; no independent peer-reviewed or hospital validation located.,Medium,"Confirm medical-domain training data governance, whether 10,000+ hours are medical or general Indian speech, and language-specific WER in noisy OPDs.",https://kiradoc.in/
HealthOrbit AI Ambient AI Scribe,https://healthorbit.ai/ambient-ai-scribe/,Free registration/free AI scribe claims appear publicly; detailed paid-plan pricing not publicly itemised.,"India relevance not explicit from retrieved page, but product is marketed online and includes multilingual clinical interpreter features.",Ambient AI scribe + interpreter + coding/billing,Company,Public customer/adoption numbers not found in retrieved page.,"Web/EHR workflow; captures visits, auto-drafts notes/codes, review-and-sign in EHR workflow.",Ambient encounter capture.,Likely multi-voice because it captures visits and shows doctor-patient exchange; diarisation not public.,"Clinical notes, coding and billing suggestions, review-and-sign inside EHR workflow.","Claims multilingual capabilities, but exact Indian languages not itemised publicly in retrieved source.",Yes,Not publicly itemised,Not publicly itemised,Not publicly itemised,Not publicly itemised,Not publicly itemised,Not publicly itemised,No independent validation located.,Medium-low for India-specific fit; high for product existence.,"Clarify India deployment, language list, DPDPA compliance, Indian data residency, and validation in Indian clinical environments.",https://healthorbit.ai/ambient-ai-scribe/
QModify AI Medical Scribe,https://www.qmodify.com/ai-medical-scribe-india ; https://www.qmodify.com/post/how-aimedicalscribeindia-auto-scribe-works-from-voice-to-validated-emr,"₹1,499/month with 300 Auto Scribe minutes; ₹2,299/month with 500 minutes; ₹3,999/month with 1,000 minutes. Basic ₹999/month has no Auto Scribe.",Explicitly marketed as AI medical scribe for doctors in India.,AI medical scribe + voice-to-validated EMR,Company / clinic software provider,Public adoption numbers not found.,"App/web product; QModify site includes download app, pricing and clinic queue/HMIS products.",Ambient-style doctor-patient conversation to prescription/SOAP/EMR; also voice-to-Rx positioning.,"Likely multi-voice, because it converts doctor-patient conversations; public diarisation not found.","Prescriptions, SOAP notes and clinical documentation; blog frames voice-to-validated EMR.",Claims multi-dialect/accent recognition including Hinglish and Malayalam; broader language matrix not fully public in retrieved source.,Yes,Yes; Hinglish,Not public,Not public,Not public,Not public,Yes,No independent validation located.,Medium-low,Need exact language list including Bangla/Tamil/Kannada/Telugu; validate whether 'validated EMR' means clinician review or interoperability validation.,https://www.qmodify.com/ai-medical-scribe-india | https://www.qmodify.com/post/how-aimedicalscribeindia-auto-scribe-works-from-voice-to-validated-emr
CurePilot.ai / CureNearMe,https://curenearme.com/products/ai-clinical-scribe-india,Public per-user price not found. Product page markets AI clinical scribe for India; pricing requires enquiry.,Explicitly called India's AI clinical scribe for doctors.,AI clinical scribe,Company / health-tech platform,Public adoption numbers not found.,Likely web/app workflow; listens to consultation and writes EMR.,Ambient consultation capture.,"Likely multi-voice, because it listens to doctor-patient consultations; diarisation details not public.","Structured EMR, clinical notes; exact standards support needs confirmation.","Claims Hindi, Gujarati, Tamil, Marathi, Telugu and 10+ more Indian languages.",Yes,Yes,Not public in retrieved source,Yes,Not public in retrieved source,Yes,Not public in retrieved source,No independent validation located.,Medium-low,Needs full language matrix; Bangla/Kannada/Malayalam not confirmed from retrieved source; validate India data-residency and clinical safety process.,https://curenearme.com/products/ai-clinical-scribe-india
VoxDox,https://voxdox.co.in/,Public per-user price not found.,Noida-based voice-to-prescription product for Indian doctors.,Voice-to-prescription / clinical documentation,Startup / company,Public adoption numbers not found.,Likely web/app voice-to-prescription workflow.,Primarily voice-to-prescription/dictation; ambient capability not established from retrieved source.,Likely single-speaker clinician dictation unless product demo confirms doctor-patient conversation capture.,Prescription generation; structured output depth not public.,Language support not publicly itemised in retrieved source.,Yes,Not public,Not public,Not public,Not public,Not public,Not public,No independent validation located.,Low-medium,"Requires demo and technical documentation to establish language support, multi-speaker ability, and EMR integration.",https://voxdox.co.in/
DoctorsApp Voice-to-Rx,https://www.doctorsapp.in/blog/best-ai-voice-to-rx-software-for-doctors-in-india,"Public per-user Voice-to-Rx price not found; likely bundled with EMR/HMIS subscription, requiring vendor quote.",India-focused EMR/HMIS and AI voice-to-prescription offering for clinics and hospitals.,Voice-to-prescription + EMR software,Company / clinic software provider,Blog/product marketing; public hard deployment numbers not found.,EMR/HMIS software with voice-to-Rx workflow.,Primarily voice-to-prescription/dictation; ambient capture not established.,Likely single-speaker clinician dictation.,Digital prescriptions and EMR records using AI.,Indian-language specifics not found in retrieved result.,Yes,Not public,Not public,Not public,Not public,Not public,Not public,No independent validation located.,Low-medium,"Obtain demo, exact ASR engine, language matrix, and whether outputs are discrete coded fields or formatted free text.",https://www.doctorsapp.in/blog/best-ai-voice-to-rx-software-for-doctors-in-india
Adrine,https://www.adrine.in/blog/ai-in-healthcare-india,"Public per-user voice-scribe price not found; likely bundled with HMIS subscription, requiring vendor quote.",India hospital management software with AI voice scribe claim.,AI-enabled hospital management software + voice scribe,Company / HMIS provider,Public adoption numbers not found in retrieved source.,HMIS product with AI voice scribe inside hospital software.,Primarily voice-to-prescription/clinical documentation inside HMIS; ambient not established.,Likely single-speaker unless demo confirms encounter capture.,"Voice-to-prescription, automated SOAP notes, summaries, ICD-10 suggestions.",Claims voice-to-prescription in 10+ Indian languages.,Yes,Likely,Not public,Likely,Likely,Likely,Likely,No independent validation located.,Low-medium,"Need exact languages, performance, and whether ICD-10 suggestions are validated.",https://www.adrine.in/blog/ai-in-healthcare-india
VivaLyn Labs,https://www.vivalynlabs.com/blog/best-ai-medical-scribe-software-india,"Public India pricing references vary by page: MedScribe page says starting at ₹2,999/month; blog states India AI scribe ranges around ₹699/month per doctor for hospital plans to ₹1,499/month for solo practitioners. Verify live quote.",India-targeted AI medical scribe software pages across Indian cities.,AI medical scribe software,Company,Public adoption numbers not found.,Likely web/app product; city landing pages for hospitals and clinics.,Marketed as AI medical scribe; exact ambient vs dictation capability requires demo.,Unclear from public search snippets.,Clinical documentation; exact discrete data capability not public in retrieved source.,"Indian-language claims appear in city pages, including Malayalam-specific pages, but exact matrix requires confirmation.",Yes,Likely,Likely,Likely,Likely,Likely,Likely,No independent validation located.,Low-medium,Request product demo and exact language/accuracy documentation; blog pages include competitor commentary and may be marketing-heavy.,https://www.vivalynlabs.com/blog/best-ai-medical-scribe-software-india | https://www.vivalynlabs.com/ai-medical-scribe-india-kochi | https://www.vivalynlabs.com/ai-medical-scribe-india-thiruvananthapuram
ScribeMedics,https://scribemedics.org/,Public per-user price not found. Hybrid AI + human scribe service likely quote-based.,India relevance not explicit; hybrid AI plus human scribe model may be relevant to Indian outsourcing/remote scribe context.,Hybrid AI medical scribe + human-in-the-loop documentation,Company / scribing service,Public adoption numbers not found in retrieved source.,AI-generated first draft reviewed/corrected by remote medical scribes.,Not pure ambient product; hybrid AI + remote scribe service.,"Depends on workflow; likely encounter documentation reviewed by humans, not purely automated multi-voice system.",Clinical documentation refined by humans; discrete data capability unclear.,Indian-language support not publicly itemised in retrieved source.,Yes,Not public,Not public,Not public,Not public,Not public,Not public,Human-in-loop quality control claimed; no independent validation located.,Low-medium,"Clarify India operations, HIPAA/DPDPA alignment, whether India languages are supported, and whether data leaves India.",https://scribemedics.org/
PenBOT,https://indiaai.gov.in/case-study/penbot-ai-scribe-for-efficient-transcription-in-medical-settings,No commercial pricing found; appears as an IndiaAI case study/prototype rather than a clearly priced product.,Indian National AI Portal case study; appears more academic/prototype/case-study oriented than commercial SaaS.,AI scribe / medical transcription prototype,Academic / research case study / possibly product prototype,Case study describes development and implementation; public commercial outreach not clear.,Speech recognition + machine learning + NLP transcription workflow.,Medical transcription AI scribe; ambient conversation capability not clearly established.,Unclear; likely transcription-focused rather than robust multi-speaker ambient capture unless implemented otherwise.,"Extracts diagnoses, prescriptions, symptoms, follow-up instructions per related book/source; customizable formats.",Indian-language support not clearly itemised in retrieved IndiaAI case study.,Yes,Not public,Not public,Not public,Not public,Not public,Not public,IndiaAI case-study level evidence; no peer-reviewed clinical validation found in quick scan.,Medium for existence; low for language/validation.,"Need developer/owner identity, deployment sites, language matrix, and validation results before treating as a market-ready vendor.",https://indiaai.gov.in/case-study/penbot-ai-scribe-for-efficient-transcription-in-medical-settings | https://www.elivabooks.com/en/book/book-8004323097
ScribeMed,https://scribemed-web.vercel.app/,,India-facing AI scribe claiming 500+ doctors across India.,AI medical scribe,Startup / web product,Claims 500+ doctors across India.,Web product; start-free workflow.,AI medical scribe; ambient vs dictation not fully clear from retrieved source.,Unclear; needs demo.,Clinical documentation; discrete data not public.,Language support not publicly itemised in retrieved source.,Yes,Not public,Not public,Not public,Not public,Not public,Not public,No independent validation located.,Low-medium,"Vercel-hosted public site needs extra diligence on company identity, security, DPDPA compliance, and production readiness.",https://scribemed-web.vercel.app/
Fosterhealth.ai,https://fosterhealth.ai/ ; https://fosterhealth.ai/blogs/indian-healthcare-ecosystem-a-breeding-ground-for-ai-innovation,Try-for-free visible; public per-user/subscription price not found. Treat as contact-sales pending verification.,India relevance suggested through India-focused healthcare AI blog and product positioning; commercial entity appears Foster AI Inc.,AI medical scribe,Company / AI medical documentation startup,Website promotes try-for-free and demo routes; public adoption count not found.,Web-based AI medical scribe; generates transcript and clinical notes after the session.,Ambient-style medical scribe.,Likely multi-voice because it transcribes patient conversations; public diarisation/overlap evidence not found.,Transcript and clinical notes; exact discrete EMR/FHIR write-back depth not public.,Language support not publicly itemised in retrieved source.,Yes,Not public,Not public,Not public,Not public,Not public,Not public,No independent clinical validation found publicly in this scan.,Medium for product existence; low for Indian-language and discrete-data depth.,"Confirm pricing, data residency/DPDPA posture, EMR integration, Indian-language performance, and multi-speaker handling in noisy OPDs.",https://fosterhealth.ai/ | https://fosterhealth.ai/blogs/indian-healthcare-ecosystem-a-breeding-ground-for-ai-innovation
Probeplus.in,https://www.probeplus.in/,Public site positions ProbePlus as an AI-powered healthcare coding/documentation automation company; India relevance through Bengaluru/India company signals requires direct vendor confirmation.,Public per-user price not found; pricing likely custom/contact-sales.,AI medical coding / clinical documentation automation,Company / healthcare AI services-product firm,Public adoption numbers not found.,AI-powered coding system that extracts and assigns medical codes from clinical documentation; not clearly an ambient scribe.,Not clearly ambient; closer to documentation-to-coding / voice-to-discrete-data adjacent workflow.,Unclear; likely works on clinical documentation rather than live multi-speaker encounter audio unless demo confirms.,Medical code extraction/assignment; discrete coding output likely stronger than scribe-style narrative output.,Indian-language support not publicly itemised.,Unclear,Not public,Not public,Not public,Not public,Not public,Not public,No independent clinical validation found publicly in this scan.,Medium for coding product existence; low for ambient/V2DD encounter capture.,"Clarify whether product ingests audio, transcript, or documentation; validate coding standards, auditability, integration, pricing and Indian deployment references.",https://www.probeplus.in/
Suki AI,https://www.suki.ai/ ; https://www.suki.ai/clinicians/ ; https://www.fiercehealthcare.com/ai-and-machine-learning/suki-brings-ai-scribes-community-health-centers-limited-cash-flow,US-origin ambient clinical intelligence platform; relevant as mature benchmark product rather than India-specific solution.,$399/provider/month list price reported in 2024 coverage; third-party 2026 comparisons report Suki Compose around $299/month and Suki Assistant around $399/month. Official site is contact-sales; verify quote.,Ambient clinical intelligence + AI medical assistant,Company / established healthcare AI company,Clinician page states EHR integration across 100+ systems; public community health center deployment coverage exists.,"Ambient encounter capture, dictation, coding, clinical Q&A, voice-enabled pre-charting and EHR-integrated workflows.",Both ambient AI scribe and voice assistant/dictation-style workflows.,Designed for encounter capture; multiple ambient sessions for same patient are described. Multi-speaker diarisation specifics require vendor validation.,"Notes, ICD-10, HCC, CPT and E/M code support, clinical Q&A, EHR-integrated documentation.",Not India-specific; Indian language support not publicly itemised.,Yes,Not public,Not public,Not public,Not public,Not public,Not public,Some public deployment/market evidence; independent India-specific validation not found.,High for product maturity; low for Indian-language/India deployment fit.,"Confirm HIPAA/BAA versus DPDPA alignment, India data residency, Indian accents/languages, EHR integration feasibility and total enterprise price.",https://www.suki.ai/ | https://www.suki.ai/clinicians/ | https://www.fiercehealthcare.com/ai-and-machine-learning/suki-brings-ai-scribes-community-health-centers-limited-cash-flow | https://www.deepcura.com/resources/compare/suki
Fireflies.ai,https://fireflies.ai/pricing ; https://guide.fireflies.ai/articles/3734844560-learn-about-the-fireflies-pricing-plans ; https://guide.fireflies.ai/articles/2114151875-learn-about-ai-credits,"General meeting transcription/summarisation product, not healthcare-specific; relevant as low-cost ambient transcription benchmark, not as clinical V2DD tool.",Free; Pro $10/user/month billed annually or $18 monthly; Business $19/user/month billed annually or $29 monthly; Enterprise $39/user/month billed annually. Additional AI credits can auto-upgrade from $5/50 credits.,Meeting transcription + AI notes,Company / productivity AI platform,Widely marketed SaaS meeting assistant; no clinical adoption evidence found in this scan.,"Meeting bot/mobile/desktop/Chrome workflow; records, transcribes and summarises meetings.","Ambient meeting capture, but not a clinical ambient scribe.",Multi-speaker meeting transcription likely supported; clinical diarisation and medical conversation accuracy not validated publicly for India.,"Transcripts, summaries, action items, API/CRM integrations; no clinical discrete-data/EMR output by default.",General language support exists but Indian clinical language performance not itemised in retrieved pricing/source pages.,Yes,Not public for clinical use,Not public for clinical use,Not public for clinical use,Not public for clinical use,Not public for clinical use,Not public for clinical use,No healthcare-specific validation found publicly in this scan.,High for general transcription pricing; low for clinical/V2DD suitability.,"Not a medical device or clinical scribe by default; assess PHI/BAA/HIPAA/DPDPA, data retention, consent, medical vocabulary and enterprise controls before clinical use.",https://fireflies.ai/pricing | https://guide.fireflies.ai/articles/3734844560-learn-about-the-fireflies-pricing-plans | https://guide.fireflies.ai/articles/2114151875-learn-about-ai-credits